197,17,1
526,25,1
993,25,1
421,30,1
102,33,1
573,46,1
969,50,1
470,53,1
790,69,1
647,93,1
521,101,1
759,102,1
1006,129,1
193,145,1
505,147,1
688,168,1
745,171,1
494,188,1
680,221,1
435,224,1
804,246,1
507,252,1
89,267,1
44,268,1
679,272,1
389,286,1
45,314,1
573,314,1
775,315,1
453,326,1
542,332,1
636,339,1
286,346,1
831,386,1
37,403,1
331,403,1
69,410,1
102,435,1
405,445,1
818,446,1
157,450,1
70,451,1
92,481,1
73,520,1
589,529,1
104,536,1
82,558,1
24,566,1
717,608,1
60,609,1
120,626,1
545,648,1
172,668,1
1022,687,1
16,697,1
525,705,1
835,708,1
557,728,1
152,747,1
677,747,1
844,772,1
108,779,1
791,784,1
41,787,1
790,831,1
807,840,1
584,843,1
398,855,1
610,859,1
133,868,1
900,892,1
78,900,1
810,903,1
604,908,1
131,914,1
0,915,1
917,926,1
376,934,1
842,949,1
93,954,1
219,962,1
9,963,1
860,966,1
613,967,1
942,971,1
894,973,1
1015,990,1
647,997,1
17,1011,1
617,1014,1
669,1014,1
