pair_id,organ,annotator,status,started_at,finished_at,notes
037,kidney,jinho,not_started,,,
037,kidney,sangwoo,not_started,,,
051,kidney,jinho,not_started,,,
051,kidney,sangwoo,not_started,,,
062,kidney,jinho,not_started,,,
062,kidney,sangwoo,not_started,,,
108,kidney,jinho,not_started,,,
108,kidney,sangwoo,not_started,,,
166,endometrium,jinho,not_started,,,
166,endometrium,sangwoo,not_started,,,
178,endometrium,jinho,not_started,,,
178,endometrium,sangwoo,not_started,,,
180,endometrium,jinho,not_started,,,
180,endometrium,sangwoo,not_started,,,
189,endometrium,jinho,not_started,,,
189,endometrium,sangwoo,not_started,,,
224,bladder,jinho,not_started,,,
224,bladder,sangwoo,not_started,,,
241,bladder,jinho,not_started,,,
241,bladder,sangwoo,not_started,,,
258,bladder,jinho,not_started,,,
258,bladder,sangwoo,not_started,,,
266,bladder,jinho,not_started,,,
266,bladder,sangwoo,not_started,,,
304,prostate,jinho,not_started,,,
304,prostate,sangwoo,not_started,,,
321,prostate,jinho,not_started,,,
321,prostate,sangwoo,not_started,,,
325,prostate,jinho,not_started,,,
325,prostate,sangwoo,not_started,,,
337,prostate,jinho,not_started,,,
337,prostate,sangwoo,not_started,,,
343,stomach,jinho,not_started,,,
343,stomach,sangwoo,not_started,,,
352,stomach,jinho,not_started,,,
352,stomach,sangwoo,not_started,,,
362,stomach,jinho,not_started,,,
362,stomach,sangwoo,not_started,,,
369,stomach,jinho,not_started,,,
369,stomach,sangwoo,not_started,,,
380,head-and-neck,jinho,not_started,,,
380,head-and-neck,sangwoo,not_started,,,
388,head-and-neck,jinho,not_started,,,
388,head-and-neck,sangwoo,not_started,,,
398,head-and-neck,jinho,not_started,,,
398,head-and-neck,sangwoo,not_started,,,
399,head-and-neck,jinho,not_started,,,
399,head-and-neck,sangwoo,not_started,,,
