pair_id,organ,slide_name,cell_image,tissue_image
224,bladder,TCGA-BL-A13J-01Z-00-DX2.289B5C8E-56AF-440D-A844-36BD98B573AF,images/train/cell/224.jpg,images/train/tissue/224.jpg
241,bladder,TCGA-G2-A2EC-01Z-00-DX1.44DA27E7-C499-46A1-A871-DBA4E5BCAA6A,images/train/cell/241.jpg,images/train/tissue/241.jpg
258,bladder,TCGA-G2-A2EF-01Z-00-DX1.5FA6C53C-C749-46CE-B85C-DDFE27962F7C,images/train/cell/258.jpg,images/train/tissue/258.jpg
266,bladder,TCGA-G2-A2EJ-01Z-00-DX3.3FA3BE61-17DA-4CFE-8845-0889701340EB,images/train/cell/266.jpg,images/train/tissue/266.jpg
166,endometrium,TCGA-AX-A1CI-01Z-00-DX1.CFCB718D-7428-4FE0-BC95-DF3CA28F32EB,images/train/cell/166.jpg,images/train/tissue/166.jpg
178,endometrium,TCGA-B5-A0KB-01Z-00-DX1.230C49BF-BF64-4AF1-95EE-5B6040EB5EE4,images/train/cell/178.jpg,images/train/tissue/178.jpg
180,endometrium,TCGA-BG-A0M8-01Z-00-DX1.3D5FD485-43A9-429E-BAFD-0EA028BF4819,images/train/cell/180.jpg,images/train/tissue/180.jpg
189,endometrium,TCGA-BG-A221-01Z-00-DX1.E1AAD8E3-865C-4919-8F61-D28F9B8CD210,images/train/cell/189.jpg,images/train/tissue/189.jpg
380,head-and-neck,TCGA-D6-6824-01Z-00-DX1.d9ac38e6-3ec6-4899-b3ea-d8197ba02055,images/train/cell/380.jpg,images/train/tissue/380.jpg
388,head-and-neck,TCGA-QK-A64Z-01Z-00-DX3.4C6D6F13-08E5-41DD-BE8F-D89087D00F22,images/train/cell/388.jpg,images/train/tissue/388.jpg
398,head-and-neck,TCGA-T3-A92N-01Z-00-DX3.E58A0E28-D773-493B-8119-5883F1AA9B79,images/train/cell/398.jpg,images/train/tissue/398.jpg
399,head-and-neck,TCGA-WA-A7H4-01Z-00-DX2.40997C97-F0B1-4943-8DD6-BD3F8AE3384F,images/train/cell/399.jpg,images/train/tissue/399.jpg
037,kidney,TCGA-B0-5700-01Z-00-DX1.95de170e-c0b7-4408-a0cf-b4b5ce1a23f0,images/train/cell/037.jpg,images/train/tissue/037.jpg
051,kidney,TCGA-BP-4976-01Z-00-DX1.da190cd4-651e-47d9-8573-afb8395c02bc,images/train/cell/051.jpg,images/train/tissue/051.jpg
062,kidney,TCGA-BQ-7049-01Z-00-DX1.e8ee8dc0-2d78-47a3-bf1c-505cbcd6ca3f,images/train/cell/062.jpg,images/train/tissue/062.jpg
108,kidney,TCGA-UW-A72J-01Z-00-DX1.B62772BA-DC29-40C9-B5C8-AC47AFA0437D,images/train/cell/108.jpg,images/train/tissue/108.jpg
304,prostate,TCGA-WW-A8ZI-01Z-00-DX3.4F78311D-BB61-44B2-B5EB-34CFF26211E1,images/train/cell/304.jpg,images/train/tissue/304.jpg
321,prostate,TCGA-X4-A8KQ-01Z-00-DX7.C8756796-ED65-47B2-A66E-C48A6CF345C1,images/train/cell/321.jpg,images/train/tissue/321.jpg
325,prostate,TCGA-X4-A8KS-01Z-00-DX2.E7A0D551-4DF3-47B0-885A-181E798FC36B,images/train/cell/325.jpg,images/train/tissue/325.jpg
337,prostate,TCGA-Y6-A9XI-01Z-00-DX1.BCEC7405-546D-4CF3-90F3-9620C0A74B63,images/train/cell/337.jpg,images/train/tissue/337.jpg
343,stomach,TCGA-D7-5579-01Z-00-DX1.6b638a16-4bd1-4624-a57b-4088214e34a9,images/train/cell/343.jpg,images/train/tissue/343.jpg
352,stomach,TCGA-D7-6524-01Z-00-DX1.ec1248f6-7d22-49c5-8300-673d25819e1d,images/train/cell/352.jpg,images/train/tissue/352.jpg
362,stomach,TCGA-D7-6822-01Z-00-DX1.b583410e-fb5b-4a57-8215-eb7eeee3645d,images/train/cell/362.jpg,images/train/tissue/362.jpg
369,stomach,TCGA-D7-8574-01Z-00-DX2.0824C6C7-B086-4D9B-94B4-FC1A49805700,images/train/cell/369.jpg,images/train/tissue/369.jpg
