pair_id,organ,draft_status,review_status,annotator,reviewer,started_at,finished_at,notes
224,bladder,not_started,not_started,,,,,
241,bladder,not_started,not_started,,,,,
258,bladder,not_started,not_started,,,,,
266,bladder,not_started,not_started,,,,,
166,endometrium,not_started,not_started,,,,,
178,endometrium,not_started,not_started,,,,,
180,endometrium,not_started,not_started,,,,,
189,endometrium,not_started,not_started,,,,,
380,head-and-neck,not_started,not_started,,,,,
388,head-and-neck,not_started,not_started,,,,,
398,head-and-neck,not_started,not_started,,,,,
399,head-and-neck,not_started,not_started,,,,,
037,kidney,not_started,not_started,,,,,
051,kidney,not_started,not_started,,,,,
062,kidney,not_started,not_started,,,,,
108,kidney,not_started,not_started,,,,,
304,prostate,not_started,not_started,,,,,
321,prostate,not_started,not_started,,,,,
325,prostate,not_started,not_started,,,,,
337,prostate,not_started,not_started,,,,,
343,stomach,not_started,not_started,,,,,
352,stomach,not_started,not_started,,,,,
362,stomach,not_started,not_started,,,,,
369,stomach,not_started,not_started,,,,,
